insert into airline (id, airline_code, airline_name, airline_country, created_at, updated_at) values (1, 'AM', 'Aeroméxico', 'Sweden', '05/15/2025', '10/02/2024');
insert into airline (id, airline_code, airline_name, airline_country, created_at, updated_at) values (2, 'AA', 'American Airlines', 'Japan', '01/12/2025', '05/12/2025');
insert into airline (id, airline_code, airline_name, airline_country, created_at, updated_at) values (3, 'AM', 'Aeroméxico', 'Philippines', '09/09/2025', '10/09/2024');
insert into airline (id, airline_code, airline_name, airline_country, created_at, updated_at) values (4, 'SA', 'South African Airways', 'Argentina', '06/10/2025', '05/01/2025');
insert into airline (id, airline_code, airline_name, airline_country, created_at, updated_at) values (5, 'ET', 'Ethiopian Airlines', 'Thailand', '03/07/2025', '02/10/2025');


insert into airport (id, airport_name, country, state, city, created_at, updated_at) values (1, 'Kobe Airport', 'Brazil', 'Orfa', 'Guaratuba', '08/07/2025', '02/06/2025');
insert into airport (id, airport_name, country, state, city, created_at, updated_at) values (2, 'Xuzhou Guanyin Airport', 'Malaysia', 'Pahang', 'Bandar Pusat Jengka', '07/01/2025', '03/11/2025');
insert into airport (id, airport_name, country, state, city, created_at, updated_at) values (3, 'Ohio University Snyder Field', 'Thailand', 'adawd', 'Si Mahosot', '11/02/2024', '03/28/2025');
insert into airport (id, airport_name, country, state, city, created_at, updated_at) values (4, 'Shahid Ashrafi Esfahani Airport', 'Indonesia', 'adadad', 'Ciharalang', '11/04/2024', '04/18/2025');
insert into airport (id, airport_name, country, state, city, created_at, updated_at) values (5, 'Syamsudin Noor Airport', 'Syria', 'adadad', 'Kafr Nubl', '04/08/2025', '05/12/2025');
insert into airport (id, airport_name, country, state, city, created_at, updated_at) values (6, 'Enontekio Airport', 'France', 'Île-de-France', 'Bondoufle', '01/03/2025', '01/01/2025');
insert into airport (id, airport_name, country, state, city, created_at, updated_at) values (7, 'Contadora Airport', 'China', 'adddad', 'Wufeng', '04/04/2025', '04/27/2025');
insert into airport (id, airport_name, country, state, city, created_at, updated_at) values (8, 'Fria Airport', 'China', 'addadad', 'Jagdaqi', '12/17/2024', '09/07/2025');
insert into airport (id, airport_name, country, state, city, created_at, updated_at) values (9, 'West Angelas Airport', 'Indonesia', 'adadad', 'Sumberkenanga', '07/19/2025', '07/19/2025');
insert into airport (id, airport_name, country, state, city, created_at, updated_at) values (10, 'Balıkesir Merkez Airport', 'Japan', 'addada', 'Tochigi', '11/03/2024', '03/26/2025');
insert into airport (id, airport_name, country, state, city, created_at, updated_at) values (11, 'Yotvata Airfield', 'Mexico', 'Nuevo Leon', 'Benito Juarez', '08/20/2025', '12/21/2024');
insert into airport (id, airport_name, country, state, city, created_at, updated_at) values (12, 'Salalah Airport', 'Philippines', 'adadada', 'Eguia', '01/15/2025', '05/12/2025');


insert into passenger (id, first_name, last_name, date_of_birth, gender, country_of_citizenship, country_of_residence, passport_number, created_at, updated_at) values (1, 'Sile', 'Aaron', '6/28/2025', 'Female', 'China', 'Argentina', '(e1.EaPV(', '3/30/2025', '8/7/2025');
insert into passenger (id, first_name, last_name, date_of_birth, gender, country_of_citizenship, country_of_residence, passport_number, created_at, updated_at) values (2, 'Denna', 'Wackett', '3/5/2025', 'Female', 'Indonesia', 'Russia', 'xX5|ULvF3', '3/11/2025', '6/18/2025');
insert into passenger (id, first_name, last_name, date_of_birth, gender, country_of_citizenship, country_of_residence, passport_number, created_at, updated_at) values (3, 'Dagmar', 'Toohey', '6/25/2025', 'Female', 'China', 'Niger', 'XFo9B/UTKa4.1=u{n', '10/31/2024', '10/4/2024');
insert into passenger (id, first_name, last_name, date_of_birth, gender, country_of_citizenship, country_of_residence, passport_number, created_at, updated_at) values (4, 'Eunice', 'Holliar', '12/9/2024', 'Female', 'France', 'Ukraine', '_a60\m8n0ML`*xxW9', '7/22/2025', '12/28/2024');
insert into passenger (id, first_name, last_name, date_of_birth, gender, country_of_citizenship, country_of_residence, passport_number, created_at, updated_at) values (5, 'Dido', 'Brushfield', '12/22/2024', 'Female', 'Brazil', 'Colombia', 'n"T_!#nq)5', '4/12/2025', '12/14/2024');
insert into passenger (id, first_name, last_name, date_of_birth, gender, country_of_citizenship, country_of_residence, passport_number, created_at, updated_at) values (6, 'Oren', 'Roalfe', '5/23/2025', 'Male', 'China', 'Estonia', 'J!vPw#Am7LeW_Y', '4/10/2025', '5/21/2025');
insert into passenger (id, first_name, last_name, date_of_birth, gender, country_of_citizenship, country_of_residence, passport_number, created_at, updated_at) values (7, 'Kora', 'Shimony', '2/13/2025', 'Female', 'Brazil', 'China', 'dB8&O|2GQT0>{qU', '3/16/2025', '1/30/2025');
insert into passenger (id, first_name, last_name, date_of_birth, gender, country_of_citizenship, country_of_residence, passport_number, created_at, updated_at) values (8, 'Tildie', 'Gawen', '9/22/2025', 'Female', 'Portugal', 'Kazakhstan', 'rU>8sk2v4', '11/24/2024', '12/2/2024');
insert into passenger (id, first_name, last_name, date_of_birth, gender, country_of_citizenship, country_of_residence, passport_number, created_at, updated_at) values (9, 'Clea', 'Leyninye', '5/29/2025', 'Female', 'China', 'Ukraine', 'iN1<.', '10/1/2024', '9/6/2025');
insert into passenger (id, first_name, last_name, date_of_birth, gender, country_of_citizenship, country_of_residence, passport_number, created_at, updated_at) values (10, 'Delilah', 'Bartos', '10/2/2024', 'Genderfluid', 'China', 'Colombia', 'jX1/EvHqylA>a5', '10/28/2024', '1/6/2025');
insert into passenger (id, first_name, last_name, date_of_birth, gender, country_of_citizenship, country_of_residence, passport_number, created_at, updated_at) values (11, 'Ginnie', 'Rainbird', '12/11/2024', 'Female', 'Ukraine', 'Colombia', 'pZ7"c6Fo"0', '2/4/2025', '3/17/2025');
insert into passenger (id, first_name, last_name, date_of_birth, gender, country_of_citizenship, country_of_residence, passport_number, created_at, updated_at) values (12, 'Jacklin', 'Amiranda', '6/1/2025', 'Female', 'China', 'Nigeria', 'tC9_K@H"5', '11/26/2024', '1/19/2025');
insert into passenger (id, first_name, last_name, date_of_birth, gender, country_of_citizenship, country_of_residence, passport_number, created_at, updated_at) values (13, 'Wendie', 'Kitchenside', '12/11/2024', 'Female', 'Argentina', 'China', 'tU1<XOw9Xa', '5/31/2025', '11/13/2024');
insert into passenger (id, first_name, last_name, date_of_birth, gender, country_of_citizenship, country_of_residence, passport_number, created_at, updated_at) values (14, 'Cordi', 'Koschke', '7/1/2025', 'Female', 'Bosnia and Herzegovina', 'Indonesia', 'aT6}>?lU4', '9/20/2025', '12/16/2024');
insert into passenger (id, first_name, last_name, date_of_birth, gender, country_of_citizenship, country_of_residence, passport_number, created_at, updated_at) values (15, 'Arleyne', 'Goding', '5/14/2025', 'Female', 'China', 'China', 'iP9=3oX}~B9', '3/1/2025', '2/5/2025');
insert into passenger (id, first_name, last_name, date_of_birth, gender, country_of_citizenship, country_of_residence, passport_number, created_at, updated_at) values (16, 'Teressa', 'Choldcroft', '2/2/2025', 'Female', 'Philippines', 'France', 'qP0}DevES$', '8/4/2025', '2/7/2025');
insert into passenger (id, first_name, last_name, date_of_birth, gender, country_of_citizenship, country_of_residence, passport_number, created_at, updated_at) values (17, 'Brose', 'Janoch', '11/11/2024', 'Male', 'Portugal', 'Greece', 'sR4FuK\}ezyH', '6/13/2025', '1/1/2025');
insert into passenger (id, first_name, last_name, date_of_birth, gender, country_of_citizenship, country_of_residence, passport_number, created_at, updated_at) values (18, 'Linus', 'Vaneschi', '7/9/2025', 'Male', 'China', 'Portugal', 'mR5*\A4w_uT%o', '5/4/2025', '12/15/2024');
insert into passenger (id, first_name, last_name, date_of_birth, gender, country_of_citizenship, country_of_residence, passport_number, created_at, updated_at) values (19, 'Doralynne', 'Johansson', '1/24/2025', 'Female', 'Russia', 'Czech Republic', 'xU5<!5G]V6ElZ+>(', '9/2/2025', '3/28/2025');
insert into passenger (id, first_name, last_name, date_of_birth, gender, country_of_citizenship, country_of_residence, passport_number, created_at, updated_at) values (20, 'Trey', 'Cutsforth', '3/12/2025', 'Male', 'Ireland', 'Czech Republic', 'pH#M%H1', '8/25/2025', '5/25/2025');
insert into passenger (id, first_name, last_name, date_of_birth, gender, country_of_citizenship, country_of_residence, passport_number, created_at, updated_at) values (21, 'Willem', 'Spaice', '6/12/2025', 'Male', 'Indonesia', 'Russia', 'kB3/kGf', '10/15/2024', '12/20/2024');
insert into passenger (id, first_name, last_name, date_of_birth, gender, country_of_citizenship, country_of_residence, passport_number, created_at, updated_at) values (22, 'Godfry', 'Giacomazzo', '2/6/2025', 'Male', 'United States', 'Indonesia', 'kV8>Z#9', '3/14/2025', '2/7/2025');
insert into passenger (id, first_name, last_name, date_of_birth, gender, country_of_citizenship, country_of_residence, passport_number, created_at, updated_at) values (23, 'Carolynn', 'Smeall', '6/30/2025', 'Agender', 'Azerbaijan', 'Indonesia', 'xP9),6gv79g', '9/30/2024', '9/12/2025');
insert into passenger (id, first_name, last_name, date_of_birth, gender, country_of_citizenship, country_of_residence, passport_number, created_at, updated_at) values (24, 'Elke', 'Hoxey', '7/27/2025', 'Female', 'Czech Republic', 'Indonesia', 'qQ2)VY&I0GOe@JbG', '3/27/2025', '7/8/2025');
insert into passenger (id, first_name, last_name, date_of_birth, gender, country_of_citizenship, country_of_residence, passport_number, created_at, updated_at) values (25, 'Hanan', 'Whitman', '7/20/2025', 'Male', 'China', 'Egypt', 'hV8!<L,#Kt6cJ', '8/23/2025', '1/27/2025');
insert into passenger (id, first_name, last_name, date_of_birth, gender, country_of_citizenship, country_of_residence, passport_number, created_at, updated_at) values (26, 'Katuscha', 'Higgoe', '1/9/2025', 'Female', 'Brazil', 'Philippines', 'wO3=&kXQ', '7/22/2025', '3/29/2025');
insert into passenger (id, first_name, last_name, date_of_birth, gender, country_of_citizenship, country_of_residence, passport_number, created_at, updated_at) values (27, 'Quintin', 'Retallick', '4/16/2025', 'Male', 'Philippines', 'Japan', 'lT3/mtn', '4/16/2025', '10/5/2024');
insert into passenger (id, first_name, last_name, date_of_birth, gender, country_of_citizenship, country_of_residence, passport_number, created_at, updated_at) values (28, 'Viole', 'Surgey', '8/14/2025', 'Female', 'China', 'Egypt', 'pJ3,}t&swW$', '10/6/2024', '7/31/2025');
insert into passenger (id, first_name, last_name, date_of_birth, gender, country_of_citizenship, country_of_residence, passport_number, created_at, updated_at) values (29, 'Alick', 'Kleinbaum', '1/15/2025', 'Male', 'Philippines', 'South Africa', 'uT7%,Q&rs_,', '5/17/2025', '2/14/2025');
insert into passenger (id, first_name, last_name, date_of_birth, gender, country_of_citizenship, country_of_residence, passport_number, created_at, updated_at) values (30, 'Nehemiah', 'Culp', '5/6/2025', 'Male', 'Sweden', 'Norway', 'nF8}0C{!C+&iT4', '9/20/2025', '10/24/2024');
insert into passenger (id, first_name, last_name, date_of_birth, gender, country_of_citizenship, country_of_residence, passport_number, created_at, updated_at) values (31, 'Jeremie', 'Mallinson', '4/28/2025', 'Male', 'France', 'Ukraine', 'lC7`bXkYlt&', '9/4/2025', '7/4/2025');
insert into passenger (id, first_name, last_name, date_of_birth, gender, country_of_citizenship, country_of_residence, passport_number, created_at, updated_at) values (32, 'Sigfried', 'Clash', '8/31/2025', 'Male', 'Indonesia', 'Serbia', 'cD1!52mV', '1/6/2025', '3/6/2025');
insert into passenger (id, first_name, last_name, date_of_birth, gender, country_of_citizenship, country_of_residence, passport_number, created_at, updated_at) values (33, 'Jeanine', 'Arrighi', '1/21/2025', 'Female', 'China', 'Russia', 'iD8|H(I\''\8}%Ji', '11/16/2024', '4/21/2025');
insert into passenger (id, first_name, last_name, date_of_birth, gender, country_of_citizenship, country_of_residence, passport_number, created_at, updated_at) values (34, 'Guy', 'Tomasoni', '10/10/2024', 'Male', 'Pakistan', 'Russia', 'wI0(nOc', '7/8/2025', '12/3/2024');
insert into passenger (id, first_name, last_name, date_of_birth, gender, country_of_citizenship, country_of_residence, passport_number, created_at, updated_at) values (35, 'Reggie', 'Flintoff', '10/18/2024', 'Female', 'Poland', 'Colombia', 'dN4}K|<E))YK', '1/19/2025', '11/3/2024');


insert into flights (id, sch_departure_time, sch_arrival_time, departing_airport_id, arriving_airport_id, departing_gate, arriving_gate, airline_id, act_departure_time, act_arrival_time, created_at, updated_at) values (1, '6/28/2025', '7/25/2025', 1, 8, 'mollis molestie lorem quisque', 'etiam justo etiam pretium iaculis justo in hac', 2, '6/10/2025', '9/27/2024', '8/15/2025', '4/19/2025');
insert into flights (id, sch_departure_time, sch_arrival_time, departing_airport_id, arriving_airport_id, departing_gate, arriving_gate, airline_id, act_departure_time, act_arrival_time, created_at, updated_at) values (2, '4/10/2025', '2/15/2025', 10, 1, 'sit amet diam in magna bibendum', 'sapien', 4, '8/3/2025', '2/1/2025', '10/4/2024', '8/21/2025');
insert into flights (id, sch_departure_time, sch_arrival_time, departing_airport_id, arriving_airport_id, departing_gate, arriving_gate, airline_id, act_departure_time, act_arrival_time, created_at, updated_at) values (3, '12/18/2024', '1/31/2025', 1, 10, 'consequat in consequat ut nulla sed accumsan felis', 'a nibh in quis justo maecenas rhoncus aliquam', 5, '1/29/2025', '12/17/2024', '7/26/2025', '3/10/2025');
insert into flights (id, sch_departure_time, sch_arrival_time, departing_airport_id, arriving_airport_id, departing_gate, arriving_gate, airline_id, act_departure_time, act_arrival_time, created_at, updated_at) values (4, '12/7/2024', '4/24/2025', 11, 2, 'sit amet turpis', 'ut dolor morbi vel lectus', 3, '1/20/2025', '1/26/2025', '4/10/2025', '6/21/2025');
insert into flights (id, sch_departure_time, sch_arrival_time, departing_airport_id, arriving_airport_id, departing_gate, arriving_gate, airline_id, act_departure_time, act_arrival_time, created_at, updated_at) values (5, '9/27/2024', '4/4/2025', 11, 6, 'lacus morbi sem mauris', 'sapien cum sociis natoque penatibus', 3, '7/12/2025', '8/11/2025', '7/25/2025', '6/3/2025');
insert into flights (id, sch_departure_time, sch_arrival_time, departing_airport_id, arriving_airport_id, departing_gate, arriving_gate, airline_id, act_departure_time, act_arrival_time, created_at, updated_at) values (6, '3/13/2025', '2/7/2025', 10, 10, 'maecenas rhoncus aliquam lacus morbi', 'eu sapien cursus vestibulum', 3, '7/10/2025', '11/8/2024', '6/14/2025', '5/31/2025');
insert into flights (id, sch_departure_time, sch_arrival_time, departing_airport_id, arriving_airport_id, departing_gate, arriving_gate, airline_id, act_departure_time, act_arrival_time, created_at, updated_at) values (7, '7/14/2025', '7/21/2025', 8, 9, 'augue', 'eu', 2, '10/11/2024', '2/9/2025', '12/16/2024', '2/14/2025');
insert into flights (id, sch_departure_time, sch_arrival_time, departing_airport_id, arriving_airport_id, departing_gate, arriving_gate, airline_id, act_departure_time, act_arrival_time, created_at, updated_at) values (8, '10/30/2024', '5/24/2025', 9, 6, 'eu interdum eu tincidunt in leo maecenas', 'ornare consequat lectus in est', 1, '1/19/2025', '2/23/2025', '12/8/2024', '9/15/2025');
insert into flights (id, sch_departure_time, sch_arrival_time, departing_airport_id, arriving_airport_id, departing_gate, arriving_gate, airline_id, act_departure_time, act_arrival_time, created_at, updated_at) values (9, '12/22/2024', '10/3/2024', 1, 5, 'nascetur ridiculus mus vivamus vestibulum sagittis', 'posuere cubilia curae duis faucibus accumsan', 2, '6/2/2025', '7/9/2025', '7/27/2025', '6/5/2025');
insert into flights (id, sch_departure_time, sch_arrival_time, departing_airport_id, arriving_airport_id, departing_gate, arriving_gate, airline_id, act_departure_time, act_arrival_time, created_at, updated_at) values (10, '2/23/2025', '4/24/2025', 7, 8, 'tincidunt lacus at velit vivamus vel nulla eget', 'cras mi pede', 5, '4/6/2025', '9/29/2024', '2/4/2025', '2/8/2025');
insert into flights (id, sch_departure_time, sch_arrival_time, departing_airport_id, arriving_airport_id, departing_gate, arriving_gate, airline_id, act_departure_time, act_arrival_time, created_at, updated_at) values (11, '9/17/2025', '3/20/2025', 5, 6, 'leo odio porttitor id consequat in', 'eget eleifend luctus ultricies eu nibh quisque id', 3, '11/5/2024', '6/24/2025', '6/8/2025', '3/26/2025');
insert into flights (id, sch_departure_time, sch_arrival_time, departing_airport_id, arriving_airport_id, departing_gate, arriving_gate, airline_id, act_departure_time, act_arrival_time, created_at, updated_at) values (12, '5/5/2025', '3/27/2025', 5, 6, 'phasellus sit amet erat', 'natoqueridiculus', 3, '9/18/2025', '2/16/2025', '1/6/2025', '7/4/2025');
insert into flights (id, sch_departure_time, sch_arrival_time, departing_airport_id, arriving_airport_id, departing_gate, arriving_gate, airline_id, act_departure_time, act_arrival_time, created_at, updated_at) values (13, '7/5/2025', '10/1/2024', 11, 6, 'cubilia curae', 'primis in faucibus orci luctus et ultrices posuere', 1, '7/14/2025', '3/24/2025', '4/13/2025', '6/12/2025');
insert into flights (id, sch_departure_time, sch_arrival_time, departing_airport_id, arriving_airport_id, departing_gate, arriving_gate, airline_id, act_departure_time, act_arrival_time, created_at, updated_at) values (14, '2/13/2025', '8/30/2025', 10, 6, 'lectus suspendisse potenti in', 'velit nec nisi', 4, '6/2/2025', '9/28/2024', '10/10/2024', '9/27/2024');
insert into flights (id, sch_departure_time, sch_arrival_time, departing_airport_id, arriving_airport_id, departing_gate, arriving_gate, airline_id, act_departure_time, act_arrival_time, created_at, updated_at) values (15, '8/14/2025', '2/7/2025', 12, 3, 'est quam', 'habitasse platea dictumst maecenas ut massa quis', 5, '8/25/2025', '2/13/2025', '2/21/2025', '2/20/2025');
insert into flights (id, sch_departure_time, sch_arrival_time, departing_airport_id, arriving_airport_id, departing_gate, arriving_gate, airline_id, act_departure_time, act_arrival_time, created_at, updated_at) values (16, '9/3/2025', '12/10/2024', 7, 10, 'vestibulum proin eu mi nulla ac', 'eu', 3, '7/7/2025', '6/26/2025', '3/26/2025', '10/2/2024');
insert into flights (id, sch_departure_time, sch_arrival_time, departing_airport_id, arriving_airport_id, departing_gate, arriving_gate, airline_id, act_departure_time, act_arrival_time, created_at, updated_at) values (17, '9/10/2025', '1/22/2025', 2, 7, 'id massa id nisl venenatis lacinia', 'ut nunc vestibulum ante ipsum primis in faucibus', 3, '3/2/2025', '11/7/2024', '9/14/2025', '12/18/2024');
insert into flights (id, sch_departure_time, sch_arrival_time, departing_airport_id, arriving_airport_id, departing_gate, arriving_gate, airline_id, act_departure_time, act_arrival_time, created_at, updated_at) values (18, '7/21/2025', '9/20/2025', 8, 5, 'a suscipit nulla elit', 'mauris sit amet errpis', 4, '12/5/2024', '7/6/2025', '10/26/2024', '8/13/2025');
insert into flights (id, sch_departure_time, sch_arrival_time, departing_airport_id, arriving_airport_id, departing_gate, arriving_gate, airline_id, act_departure_time, act_arrival_time, created_at, updated_at) values (19, '11/6/2024', '6/20/2025', 8, 9, 'nonummy maecenas tincidunt lacus at velit', 'semper rutrum nulla nunc', 2, '6/26/2025', '7/17/2025', '5/18/2025', '9/19/2025');
insert into flights (id, sch_departure_time, sch_arrival_time, departing_airport_id, arriving_airport_id, departing_gate, arriving_gate, airline_id, act_departure_time, act_arrival_time, created_at, updated_at) values (20, '11/28/2024', '5/9/2025', 8, 4, 'nisi venenatis', 'mattis egestas mget', 4, '5/16/2025', '2/18/2025', '11/20/2024', '2/6/2025');


insert into booking (id, flight_id, passenger_id, booking_platform, created_at, updated_at, status, ticket_price) values (1, 5, 35, 'Eimbee', '8/9/2025', '9/20/2025', 'condimentum', 52);
insert into booking (id, flight_id, passenger_id, booking_platform, created_at, updated_at, status, ticket_price) values (2, 7, 23, 'Roomm', '6/25/2025', '11/12/2024', 'mauris ullamcorper', 372);
insert into booking (id, flight_id, passenger_id, booking_platform, created_at, updated_at, status, ticket_price) values (3, 12, 30, 'Meetz', '8/11/2025', '3/14/2025', 'a suscipit', 802);
insert into booking (id, flight_id, passenger_id, booking_platform, created_at, updated_at, status, ticket_price) values (4, 14, 34, 'Tanoodle', '10/27/2024', '4/6/2025', 'donec dapibus', 568);
insert into booking (id, flight_id, passenger_id, booking_platform, created_at, updated_at, status, ticket_price) values (5, 17, 12, 'Tazz', '7/19/2025', '1/6/2025', 'nascetur', 257);
insert into booking (id, flight_id, passenger_id, booking_platform, created_at, updated_at, status, ticket_price) values (6, 6, 5, 'Oyoloo', '3/3/2025', '1/28/2025', 'diam', 178);
insert into booking (id, flight_id, passenger_id, booking_platform, created_at, updated_at, status, ticket_price) values (7, 1, 27, 'Zoombeat', '9/7/2025', '8/29/2025', 'curae nulla', 24);
insert into booking (id, flight_id, passenger_id, booking_platform, created_at, updated_at, status, ticket_price) values (8, 19, 24, 'Oodoo', '9/11/2025', '6/9/2025', 'hac habitasse', 621);
insert into booking (id, flight_id, passenger_id, booking_platform, created_at, updated_at, status, ticket_price) values (9, 8, 21, 'Jaxworks', '12/7/2024', '6/3/2025', 'dignissim vestibulum', 121);
insert into booking (id, flight_id, passenger_id, booking_platform, created_at, updated_at, status, ticket_price) values (10, 4, 28, 'DabZ', '8/21/2025', '7/23/2025', 'ipsum', 445);
insert into booking (id, flight_id, passenger_id, booking_platform, created_at, updated_at, status, ticket_price) values (11, 6, 8, 'Bubblemix', '9/12/2025', '11/2/2024', 'consectetuer adipiscing', 707);
insert into booking (id, flight_id, passenger_id, booking_platform, created_at, updated_at, status, ticket_price) values (12, 19, 16, 'Cogibox', '11/20/2024', '6/1/2025', 'neque', 572);
insert into booking (id, flight_id, passenger_id, booking_platform, created_at, updated_at, status, ticket_price) values (13, 1, 31, 'Rhynoodle', '11/11/2024', '8/14/2025', 'id', 785);
insert into booking (id, flight_id, passenger_id, booking_platform, created_at, updated_at, status, ticket_price) values (14, 11, 33, 'Mynte', '9/22/2025', '12/29/2024', 'nisl ut', 95);
insert into booking (id, flight_id, passenger_id, booking_platform, created_at, updated_at, status, ticket_price) values (15, 3, 34, 'Gevee', '6/23/2025', '2/5/2025', 'mauris', 191);
insert into booking (id, flight_id, passenger_id, booking_platform, created_at, updated_at, status, ticket_price) values (16, 14, 32, 'Feedspan', '9/27/2024', '8/1/2025', 'ornare imperdiet', 306);
insert into booking (id, flight_id, passenger_id, booking_platform, created_at, updated_at, status, ticket_price) values (17, 9, 22, 'Yodo', '2/5/2025', '4/28/2025', 'vulputate luctus', 482);
insert into booking (id, flight_id, passenger_id, booking_platform, created_at, updated_at, status, ticket_price) values (18, 13, 5, 'Yacero', '5/31/2025', '5/12/2025', 'fusce', 68);
insert into booking (id, flight_id, passenger_id, booking_platform, created_at, updated_at, status, ticket_price) values (19, 14, 2, 'Dabtype', '12/24/2024', '4/25/2025', 'enim', 803);
insert into booking (id, flight_id, passenger_id, booking_platform, created_at, updated_at, status, ticket_price) values (20, 17, 35, 'Trilith', '1/18/2025', '2/20/2025', 'donec vitae', 525);
insert into booking (id, flight_id, passenger_id, booking_platform, created_at, updated_at, status, ticket_price) values (21, 9, 6, 'Riffpedia', '6/28/2025', '10/19/2024', 'vivamus metus', 526);
insert into booking (id, flight_id, passenger_id, booking_platform, created_at, updated_at, status, ticket_price) values (22, 8, 9, 'Trupe', '10/19/2024', '9/25/2024', 'aliquam', 191);
insert into booking (id, flight_id, passenger_id, booking_platform, created_at, updated_at, status, ticket_price) values (23, 19, 10, 'Oyope', '11/3/2024', '2/23/2025', 'vivamus vestibulum', 625);
insert into booking (id, flight_id, passenger_id, booking_platform, created_at, updated_at, status, ticket_price) values (24, 11, 4, 'Skinte', '9/6/2025', '9/26/2024', 'at', 490);
insert into booking (id, flight_id, passenger_id, booking_platform, created_at, updated_at, status, ticket_price) values (25, 6, 13, 'Topiclounge', '5/30/2025', '1/9/2025', 'habitasse platea', 873);
insert into booking (id, flight_id, passenger_id, booking_platform, created_at, updated_at, status, ticket_price) values (26, 19, 19, 'Edgetag', '9/26/2024', '5/15/2025', 'sed sagittis', 592);
insert into booking (id, flight_id, passenger_id, booking_platform, created_at, updated_at, status, ticket_price) values (27, 12, 30, 'Yodo', '7/1/2025', '12/11/2024', 'sollicitudin', 391);
insert into booking (id, flight_id, passenger_id, booking_platform, created_at, updated_at, status, ticket_price) values (28, 8, 9, 'Eare', '11/22/2024', '4/4/2025', 'felis sed', 858);
insert into booking (id, flight_id, passenger_id, booking_platform, created_at, updated_at, status, ticket_price) values (29, 1, 31, 'Midel', '10/18/2024', '12/5/2024', 'non mi', 673);
insert into booking (id, flight_id, passenger_id, booking_platform, created_at, updated_at, status, ticket_price) values (30, 3, 15, 'Bubblemix', '9/4/2025', '12/27/2024', 'lectus in', 169);
insert into booking (id, flight_id, passenger_id, booking_platform, created_at, updated_at, status, ticket_price) values (31, 5, 35, 'Brainverse', '4/28/2025', '9/2/2025', 'sodales sed', 354);
insert into booking (id, flight_id, passenger_id, booking_platform, created_at, updated_at, status, ticket_price) values (32, 13, 25, 'Riffpedia', '2/2/2025', '6/3/2025', 'libero', 203);
insert into booking (id, flight_id, passenger_id, booking_platform, created_at, updated_at, status, ticket_price) values (33, 13, 11, 'Chatterpoint', '8/15/2025', '8/6/2025', 'id nulla', 713);
insert into booking (id, flight_id, passenger_id, booking_platform, created_at, updated_at, status, ticket_price) values (34, 14, 14, 'Realbridge', '8/29/2025', '10/7/2024', 'orci luctus', 191);
insert into booking (id, flight_id, passenger_id, booking_platform, created_at, updated_at, status, ticket_price) values (35, 17, 11, 'Thoughtbeat', '8/31/2025', '7/25/2025', 'faucibus orci', 776);
insert into booking (id, flight_id, passenger_id, booking_platform, created_at, updated_at, status, ticket_price) values (36, 14, 24, 'Devshare', '10/28/2024', '5/25/2025', 'posuere', 851);
insert into booking (id, flight_id, passenger_id, booking_platform, created_at, updated_at, status, ticket_price) values (37, 10, 21, 'Voonix', '11/2/2024', '9/4/2025', 'amet', 701);
insert into booking (id, flight_id, passenger_id, booking_platform, created_at, updated_at, status, ticket_price) values (38, 18, 15, 'Wikizz', '4/19/2025', '5/26/2025', 'faucibus', 664);
insert into booking (id, flight_id, passenger_id, booking_platform, created_at, updated_at, status, ticket_price) values (39, 12, 11, 'Meevee', '6/18/2025', '12/23/2024', 'mattis nibh', 238);
insert into booking (id, flight_id, passenger_id, booking_platform, created_at, updated_at, status, ticket_price) values (40, 12, 7, 'Babbleset', '4/13/2025', '8/25/2025', 'platea', 667);
insert into booking (id, flight_id, passenger_id, booking_platform, created_at, updated_at, status, ticket_price) values (41, 5, 21, 'Buzzbean', '12/3/2024', '8/15/2025', 'ut', 625);
insert into booking (id, flight_id, passenger_id, booking_platform, created_at, updated_at, status, ticket_price) values (42, 10, 5, 'BlogXS', '10/12/2024', '3/23/2025', 'erat curabitur', 359);
insert into booking (id, flight_id, passenger_id, booking_platform, created_at, updated_at, status, ticket_price) values (43, 9, 28, 'Ainyx', '11/9/2024', '1/10/2025', 'venenatis', 836);
insert into booking (id, flight_id, passenger_id, booking_platform, created_at, updated_at, status, ticket_price) values (44, 1, 23, 'Voomm', '10/19/2024', '3/14/2025', 'morbi', 876);
insert into booking (id, flight_id, passenger_id, booking_platform, created_at, updated_at, status, ticket_price) values (45, 6, 25, 'Quatz', '8/3/2025', '6/28/2025', 'sapien', 91);
insert into booking (id, flight_id, passenger_id, booking_platform, created_at, updated_at, status, ticket_price) values (46, 9, 21, 'Gabtune', '3/20/2025', '3/24/2025', 'nisi volutpat', 788);
insert into booking (id, flight_id, passenger_id, booking_platform, created_at, updated_at, status, ticket_price) values (47, 5, 30, 'Jaxbean', '12/31/2024', '11/28/2024', 'integer', 552);
insert into booking (id, flight_id, passenger_id, booking_platform, created_at, updated_at, status, ticket_price) values (48, 17, 33, 'Photofeed', '6/10/2025', '5/31/2025', 'libero', 373);
insert into booking (id, flight_id, passenger_id, booking_platform, created_at, updated_at, status, ticket_price) values (49, 8, 10, 'Devcast', '11/27/2024', '9/22/2025', 'nunc', 687);
insert into booking (id, flight_id, passenger_id, booking_platform, created_at, updated_at, status, ticket_price) values (50, 20, 23, 'Aimbo', '10/12/2024', '10/9/2024', 'morbi ut', 91);



insert into boarding_pass (id, booking_id, seat, boarding_time, created_at, updated_at) values (1, 44, 'VE-V', '01/15/2025', '10/21/2024', '03/19/2025');
insert into boarding_pass (id, booking_id, seat, boarding_time, created_at, updated_at) values (2, 44, 'US-OR', '11/28/2024', '04/11/2025', '05/24/2025');
insert into boarding_pass (id, booking_id, seat, boarding_time, created_at, updated_at) values (3, 12, 'KE-700', '08/16/2025', '06/29/2025', '03/25/2025');
insert into boarding_pass (id, booking_id, seat, boarding_time, created_at, updated_at) values (4, 2, 'CN-33', '11/03/2024', '09/21/2025', '01/10/2025');
insert into boarding_pass (id, booking_id, seat, boarding_time, created_at, updated_at) values (5, 3, 'US-MT', '10/22/2024', '04/29/2025', '01/21/2025');
insert into boarding_pass (id, booking_id, seat, boarding_time, created_at, updated_at) values (6, 28, 'BF-KAD', '05/06/2025', '09/22/2025', '10/07/2024');
insert into boarding_pass (id, booking_id, seat, boarding_time, created_at, updated_at) values (7, 9, 'CN-15', '03/29/2025', '08/21/2025', '11/24/2024');
insert into boarding_pass (id, booking_id, seat, boarding_time, created_at, updated_at) values (8, 13, 'US-WY', '07/31/2025', '08/26/2025', '03/25/2025');
insert into boarding_pass (id, booking_id, seat, boarding_time, created_at, updated_at) values (9, 22, 'KI-G', '02/14/2025', '06/17/2025', '05/19/2025');
insert into boarding_pass (id, booking_id, seat, boarding_time, created_at, updated_at) values (10, 49, 'IN-MM', '12/29/2024', '07/20/2025', '12/24/2024');
insert into boarding_pass (id, booking_id, seat, boarding_time, created_at, updated_at) values (11, 11, 'HR-13', '04/26/2025', '08/07/2025', '10/11/2024');
insert into boarding_pass (id, booking_id, seat, boarding_time, created_at, updated_at) values (12, 2, 'US-MS', '04/09/2025', '10/23/2024', '08/21/2025');
insert into boarding_pass (id, booking_id, seat, boarding_time, created_at, updated_at) values (13, 45, 'GB-ENG', '01/10/2025', '12/29/2024', '10/12/2024');
insert into boarding_pass (id, booking_id, seat, boarding_time, created_at, updated_at) values (14, 29, 'ID-SU', '03/19/2025', '05/04/2025', '04/02/2025');
insert into boarding_pass (id, booking_id, seat, boarding_time, created_at, updated_at) values (15, 38, 'CA-ON', '02/11/2025', '09/30/2024', '05/19/2025');
insert into boarding_pass (id, booking_id, seat, boarding_time, created_at, updated_at) values (16, 15, 'US-WA', '09/26/2024', '11/01/2024', '04/04/2025');
insert into boarding_pass (id, booking_id, seat, boarding_time, created_at, updated_at) values (17, 9, 'AU-QLD', '07/27/2025', '04/13/2025', '11/06/2024');
insert into boarding_pass (id, booking_id, seat, boarding_time, created_at, updated_at) values (18, 20, 'AU-NSW', '03/25/2025', '02/10/2025', '07/16/2025');
insert into boarding_pass (id, booking_id, seat, boarding_time, created_at, updated_at) values (19, 45, 'NA-OH', '06/13/2025', '07/22/2025', '04/20/2025');
insert into boarding_pass (id, booking_id, seat, boarding_time, created_at, updated_at) values (20, 31, 'US-MS', '09/16/2025', '01/11/2025', '08/31/2025');
insert into boarding_pass (id, booking_id, seat, boarding_time, created_at, updated_at) values (21, 47, 'MX-COL', '01/05/2025', '06/20/2025', '06/24/2025');
insert into boarding_pass (id, booking_id, seat, boarding_time, created_at, updated_at) values (22, 39, 'EC-X', '10/23/2024', '07/05/2025', '07/31/2025');
insert into boarding_pass (id, booking_id, seat, boarding_time, created_at, updated_at) values (23, 30, 'CA-AB', '06/11/2025', '09/25/2024', '11/27/2024');
insert into boarding_pass (id, booking_id, seat, boarding_time, created_at, updated_at) values (24, 37, 'TH-55', '03/06/2025', '09/17/2025', '03/03/2025');
insert into boarding_pass (id, booking_id, seat, boarding_time, created_at, updated_at) values (25, 12, 'ZM-05', '11/16/2024', '05/14/2025', '09/04/2025');
insert into boarding_pass (id, booking_id, seat, boarding_time, created_at, updated_at) values (26, 16, 'GT-PE', '05/15/2025', '09/09/2025', '08/07/2025');
insert into boarding_pass (id, booking_id, seat, boarding_time, created_at, updated_at) values (27, 8, 'TR-04', '06/15/2025', '01/13/2025', '09/11/2025');
insert into boarding_pass (id, booking_id, seat, boarding_time, created_at, updated_at) values (28, 35, 'TH-65', '01/31/2025', '09/02/2025', '11/11/2024');
insert into boarding_pass (id, booking_id, seat, boarding_time, created_at, updated_at) values (29, 34, 'AO-MOX', '09/04/2025', '10/21/2024', '03/01/2025');
insert into boarding_pass (id, booking_id, seat, boarding_time, created_at, updated_at) values (30, 15, 'EG-MT', '06/09/2025', '08/13/2025', '08/15/2025');
insert into boarding_pass (id, booking_id, seat, boarding_time, created_at, updated_at) values (31, 30, 'DZ-31', '01/12/2025', '04/09/2025', '07/27/2025');
insert into boarding_pass (id, booking_id, seat, boarding_time, created_at, updated_at) values (32, 4, 'MY-01', '07/21/2025', '03/26/2025', '04/23/2025');
insert into boarding_pass (id, booking_id, seat, boarding_time, created_at, updated_at) values (33, 29, 'TD-GR', '01/21/2025', '01/27/2025', '12/17/2024');
insert into boarding_pass (id, booking_id, seat, boarding_time, created_at, updated_at) values (34, 11, 'US-AR', '10/09/2024', '07/22/2025', '01/14/2025');
insert into boarding_pass (id, booking_id, seat, boarding_time, created_at, updated_at) values (35, 41, 'AU-SA', '03/06/2025', '12/28/2024', '07/01/2025');
insert into boarding_pass (id, booking_id, seat, boarding_time, created_at, updated_at) values (36, 23, 'ID-MA', '02/19/2025', '09/09/2025', '03/21/2025');
insert into boarding_pass (id, booking_id, seat, boarding_time, created_at, updated_at) values (37, 3, 'US-CA', '09/13/2025', '07/04/2025', '09/08/2025');
insert into boarding_pass (id, booking_id, seat, boarding_time, created_at, updated_at) values (38, 36, 'HN-CP', '05/10/2025', '05/14/2025', '08/16/2025');
insert into boarding_pass (id, booking_id, seat, boarding_time, created_at, updated_at) values (39, 29, 'VE-M', '03/26/2025', '12/11/2024', '05/04/2025');
insert into boarding_pass (id, booking_id, seat, boarding_time, created_at, updated_at) values (40, 5, 'IL-Z', '09/15/2025', '06/20/2025', '11/13/2024');
insert into boarding_pass (id, booking_id, seat, boarding_time, created_at, updated_at) values (41, 36, 'CF-HK', '09/19/2025', '02/03/2025', '11/02/2024');
insert into boarding_pass (id, booking_id, seat, boarding_time, created_at, updated_at) values (42, 13, 'AR-X', '12/19/2024', '05/03/2025', '04/21/2025');
insert into boarding_pass (id, booking_id, seat, boarding_time, created_at, updated_at) values (43, 38, 'PG-MPL', '08/30/2025', '11/29/2024', '06/14/2025');
insert into boarding_pass (id, booking_id, seat, boarding_time, created_at, updated_at) values (44, 5, 'AU-QLD', '10/05/2024', '12/08/2024', '10/08/2024');
insert into boarding_pass (id, booking_id, seat, boarding_time, created_at, updated_at) values (45, 18, 'HN-IB', '08/28/2025', '02/01/2025', '11/12/2024');
insert into boarding_pass (id, booking_id, seat, boarding_time, created_at, updated_at) values (46, 18, 'US-FL', '11/27/2024', '02/20/2025', '02/04/2025');
insert into boarding_pass (id, booking_id, seat, boarding_time, created_at, updated_at) values (47, 18, 'US-CA', '10/30/2024', '04/08/2025', '10/03/2024');
insert into boarding_pass (id, booking_id, seat, boarding_time, created_at, updated_at) values (48, 39, 'TW-TXG', '09/18/2025', '05/04/2025', '02/27/2025');
insert into boarding_pass (id, booking_id, seat, boarding_time, created_at, updated_at) values (49, 47, 'MZ-S', '04/13/2025', '11/09/2024', '09/28/2024');
insert into boarding_pass (id, booking_id, seat, boarding_time, created_at, updated_at) values (50, 40, 'BR-RS', '09/24/2024', '10/23/2024', '04/23/2025');



insert into baggage (id, weight_in_kg, created_at, updated_at, booking_id) values (1, 83, '09/01/2025', '09/27/2024', 32);
insert into baggage (id, weight_in_kg, created_at, updated_at, booking_id) values (2, 87, '09/18/2025', '04/16/2025', 7);
insert into baggage (id, weight_in_kg, created_at, updated_at, booking_id) values (3, 87, '08/03/2025', '07/12/2025', 27);
insert into baggage (id, weight_in_kg, created_at, updated_at, booking_id) values (4, 4, '07/01/2025', '09/11/2025', 48);
insert into baggage (id, weight_in_kg, created_at, updated_at, booking_id) values (5, 27, '02/14/2025', '04/13/2025', 26);
insert into baggage (id, weight_in_kg, created_at, updated_at, booking_id) values (6, 62, '08/29/2025', '05/04/2025', 15);
insert into baggage (id, weight_in_kg, created_at, updated_at, booking_id) values (7, 41, '03/07/2025', '08/30/2025', 21);
insert into baggage (id, weight_in_kg, created_at, updated_at, booking_id) values (8, 5, '10/01/2024', '08/31/2025', 17);
insert into baggage (id, weight_in_kg, created_at, updated_at, booking_id) values (9, 3, '10/17/2024', '01/30/2025', 33);
insert into baggage (id, weight_in_kg, created_at, updated_at, booking_id) values (10, 5, '04/30/2025', '06/20/2025', 31);
insert into baggage (id, weight_in_kg, created_at, updated_at, booking_id) values (11, 43, '05/08/2025', '06/04/2025', 4);
insert into baggage (id, weight_in_kg, created_at, updated_at, booking_id) values (12, 97, '08/09/2025', '10/16/2024', 23);
insert into baggage (id, weight_in_kg, created_at, updated_at, booking_id) values (13, 21, '06/09/2025', '06/11/2025', 29);
insert into baggage (id, weight_in_kg, created_at, updated_at, booking_id) values (14, 16, '08/10/2025', '02/14/2025', 7);
insert into baggage (id, weight_in_kg, created_at, updated_at, booking_id) values (15, 41, '09/19/2025', '03/29/2025', 17);
insert into baggage (id, weight_in_kg, created_at, updated_at, booking_id) values (16, 59, '01/15/2025', '10/20/2024', 21);
insert into baggage (id, weight_in_kg, created_at, updated_at, booking_id) values (17, 57, '07/14/2025', '12/06/2024', 26);
insert into baggage (id, weight_in_kg, created_at, updated_at, booking_id) values (18, 22, '11/28/2024', '02/12/2025', 8);


insert into baggage_check (id, check_result, created_at, updated_at, booking_id, passenger_id) values (1, true, '09/22/2025', '12/31/2024', 1, 1);
insert into baggage_check (id, check_result, created_at, updated_at, booking_id, passenger_id) values (2, true, '04/07/2025', '11/07/2024', 2, 2);
insert into baggage_check (id, check_result, created_at, updated_at, booking_id, passenger_id) values (3, true, '05/09/2025', '12/26/2024', 3, 3);
insert into baggage_check (id, check_result, created_at, updated_at, booking_id, passenger_id) values (4, false, '02/04/2025', '12/11/2024', 4, 4);
insert into baggage_check (id, check_result, created_at, updated_at, booking_id, passenger_id) values (5, false, '12/21/2024', '10/09/2024', 5, 5);


insert into security_check (id, check_result, check_report, created_at, updated_at, passenger_id) values (1, false, 'a odio in hac habitasse platea dictumst maecenas ut', '12/11/2024', '1/6/2025', 35);
insert into security_check (id, check_result, check_report, created_at, updated_at, passenger_id) values (2, true, 'purus sit amet nulla quisque arcu', '10/30/2024', '8/28/2025', 30);
insert into security_check (id, check_result, check_report, created_at, updated_at, passenger_id) values (3, false, 'odio curabitur convallis duis consequat dui nec nisi volutpat eleifend', '10/4/2024', '9/9/2025', 21);
insert into security_check (id, check_result, check_report, created_at, updated_at, passenger_id) values (4, true, 'placerat ante nulla justo aliquam quis turpis eget', '1/24/2025', '12/22/2024', 12);
insert into security_check (id, check_result, check_report, created_at, updated_at, passenger_id) values (5, true, 'in faucibus orci luctus et', '2/27/2025', '4/11/2025', 19);
